INSERT INTO roles (id, code, name, description, is_system, created_at, updated_at, created_by, updated_by, deleted_at, deleted_by, is_active) VALUES ('bb000001-0000-0000-0000-000000000001', 'COVANHT', 'Cố vấn học tập', 'Theo dõi và hỗ trợ tiến trình học tập sinh viên', false, '2026-05-08 08:00:00', NULL, NULL, NULL, NULL, NULL, true)
INSERT INTO roles (id, code, name, description, is_system, created_at, updated_at, created_by, updated_by, deleted_at, deleted_by, is_active) VALUES ('bb000002-0000-0000-0000-000000000002', 'TROLY', 'Trợ lý giảng dạy', 'Hỗ trợ giảng viên trong công tác giảng dạy', false, '2026-05-08 08:00:00', NULL, NULL, NULL, NULL, NULL, true)
INSERT INTO roles (id, code, name, description, is_system, created_at, updated_at, created_by, updated_by, deleted_at, deleted_by, is_active) VALUES ('bb000003-0000-0000-0000-000000000003', 'KETOA', 'Kế toán học vụ', 'Quản lý học phí và tài chính sinh viên', false, '2026-05-08 08:00:00', NULL, NULL, NULL, NULL, NULL, true)
INSERT INTO roles (id, code, name, description, is_system, created_at, updated_at, created_by, updated_by, deleted_at, deleted_by, is_active) VALUES ('bb000004-0000-0000-0000-000000000004', 'THUVIE', 'Thủ thư', 'Quản lý tài liệu và thư viện', false, '2026-05-08 08:00:00', NULL, NULL, NULL, NULL, NULL, true)
INSERT INTO roles (id, code, name, description, is_system, created_at, updated_at, created_by, updated_by, deleted_at, deleted_by, is_active) VALUES ('bb000005-0000-0000-0000-000000000005', 'KHAOTHI', 'Ban khảo thí', 'Quản lý lịch thi và kết quả thi', false, '2026-05-08 08:00:00', NULL, NULL, NULL, NULL, NULL, true)
INSERT INTO roles (id, code, name, description, is_system, created_at, updated_at, created_by, updated_by, deleted_at, deleted_by, is_active) VALUES ('bb000006-0000-0000-0000-000000000006', 'READONLY', 'Người xem', 'Chỉ có quyền xem, không được chỉnh sửa', false, '2026-05-08 08:00:00', NULL, NULL, NULL, NULL, NULL, true)
INSERT INTO roles (id, code, name, description, is_system, created_at, updated_at, created_by, updated_by, deleted_at, deleted_by, is_active) VALUES ('99c810f1-5c6a-451b-a4dc-16166f7d8da0', 'SINHVIE', 'Sinh viên', 'Đăng ký học phần và xem kết quả', true, '2026-05-07 00:16:35', '2026-05-14 08:29:12', NULL, NULL, NULL, NULL, true)
INSERT INTO roles (id, code, name, description, is_system, created_at, updated_at, created_by, updated_by, deleted_at, deleted_by, is_active) VALUES ('1f9c038c-e98e-4283-bd4c-4974a5f87317', 'aaa', 'aaa', 'aaa', false, '2026-05-16 17:28:27', '2026-05-16 17:28:38', NULL, NULL, '2026-05-16 17:28:38', NULL, true)
INSERT INTO roles (id, code, name, description, is_system, created_at, updated_at, created_by, updated_by, deleted_at, deleted_by, is_active) VALUES ('c01b6db6-48fc-46f9-b7e4-657f258f34bf', 'GIAOVU', 'Giáo vụ', 'Quản lý đào tạo và sinh viên', true, '2026-05-07 00:16:35', NULL, NULL, NULL, NULL, NULL, true)
INSERT INTO roles (id, code, name, description, is_system, created_at, updated_at, created_by, updated_by, deleted_at, deleted_by, is_active) VALUES ('4c12092a-01af-40f7-9236-729267edf028', 'a', 'a', 'a', false, '2026-05-16 17:27:54', '2026-05-16 17:28:08', NULL, NULL, '2026-05-16 17:28:08', NULL, true)
INSERT INTO roles (id, code, name, description, is_system, created_at, updated_at, created_by, updated_by, deleted_at, deleted_by, is_active) VALUES ('3df54247-bb06-456e-89c0-b059902399bc', 'ADMI', 'Quản trị viên', 'Toàn quyền quản trị hệ thống', true, '2026-05-07 00:16:35', '2026-05-16 17:27:39', NULL, NULL, NULL, NULL, true)
INSERT INTO roles (id, code, name, description, is_system, created_at, updated_at, created_by, updated_by, deleted_at, deleted_by, is_active) VALUES ('045fa55a-e997-434a-8d21-e8384f691e4a', 'GIANGVIE', 'Giảng viên', 'Quản lý lớp học và nhập điểm', true, '2026-05-07 00:16:35', NULL, NULL, NULL, NULL, NULL, true)
INSERT INTO roles (id, code, name, description, is_system, created_at, updated_at, created_by, updated_by, deleted_at, deleted_by, is_active) VALUES ('6c3edbda-2094-4f95-8569-fa8e67005ff9', 'aa', 'aa', 'aa', false, '2026-05-16 16:51:53', '2026-05-16 16:56:51', NULL, NULL, '2026-05-16 16:56:51', NULL, true)
INSERT INTO permissions (id, code, name, module, description, created_at, updated_at, created_by, updated_by, deleted_at, deleted_by, is_active) VALUES ('cc000001-0000-0000-0000-000000000001', 'USER_CREATE', 'Tạo người dùng', 'AUTH', 'Quyền tạo tài khoản người dùng mới', '2026-05-08 08:00:00', NULL, NULL, NULL, NULL, NULL, true)
INSERT INTO permissions (id, code, name, module, description, created_at, updated_at, created_by, updated_by, deleted_at, deleted_by, is_active) VALUES ('cc000002-0000-0000-0000-000000000002', 'USER_EDIT', 'Sửa người dùng', 'AUTH', 'Quyền chỉnh sửa thông tin tài khoản', '2026-05-08 08:00:00', NULL, NULL, NULL, NULL, NULL, true)
INSERT INTO permissions (id, code, name, module, description, created_at, updated_at, created_by, updated_by, deleted_at, deleted_by, is_active) VALUES ('cc000003-0000-0000-0000-000000000003', 'USER_DELETE', 'Xóa người dùng', 'AUTH', 'Quyền vô hiệu hóa tài khoản người dùng', '2026-05-08 08:00:00', NULL, NULL, NULL, NULL, NULL, true)
INSERT INTO permissions (id, code, name, module, description, created_at, updated_at, created_by, updated_by, deleted_at, deleted_by, is_active) VALUES ('cc000004-0000-0000-0000-000000000004', 'STUDENT_VIEW', 'Xem sinh viên', 'STUDENT', 'Quyền xem danh sách và thông tin sinh viên', '2026-05-08 08:00:00', NULL, NULL, NULL, NULL, NULL, true)
INSERT INTO permissions (id, code, name, module, description, created_at, updated_at, created_by, updated_by, deleted_at, deleted_by, is_active) VALUES ('cc000005-0000-0000-0000-000000000005', 'GRADE_VIEW', 'Xem điểm', 'GRADE', 'Quyền xem bảng điểm của sinh viên', '2026-05-08 08:00:00', NULL, NULL, NULL, NULL, NULL, true)
INSERT INTO permissions (id, code, name, module, description, created_at, updated_at, created_by, updated_by, deleted_at, deleted_by, is_active) VALUES ('cc000006-0000-0000-0000-000000000006', 'REPORT_VIEW', 'Xem báo cáo', 'REPORT', 'Quyền xem các báo cáo thống kê hệ thống', '2026-05-08 08:00:00', NULL, NULL, NULL, NULL, NULL, true)
INSERT INTO permissions (id, code, name, module, description, created_at, updated_at, created_by, updated_by, deleted_at, deleted_by, is_active) VALUES ('ba0ce454-6f49-f111-b9f4-207918438263', 'USER_VIEW', 'Xem người dùng', 'AUTH', 'Quyền xem danh sách tài khoản', '2026-05-07 00:16:35', NULL, NULL, NULL, NULL, NULL, true)
INSERT INTO permissions (id, code, name, module, description, created_at, updated_at, created_by, updated_by, deleted_at, deleted_by, is_active) VALUES ('bb0ce454-6f49-f111-b9f4-207918438263', 'STUDENT_EDIT', 'Sửa sinh viên', 'STUDENT', 'Quyền cập nhật thông tin sinh viên', '2026-05-07 00:16:35', NULL, NULL, NULL, NULL, NULL, true)
INSERT INTO permissions (id, code, name, module, description, created_at, updated_at, created_by, updated_by, deleted_at, deleted_by, is_active) VALUES ('bc0ce454-6f49-f111-b9f4-207918438263', 'GRADE_INPUT', 'Nhập điểm', 'GRADE', 'Quyền nhập điểm cho giảng viên', '2026-05-07 00:16:35', NULL, NULL, NULL, NULL, NULL, true)
INSERT INTO permissions (id, code, name, module, description, created_at, updated_at, created_by, updated_by, deleted_at, deleted_by, is_active) VALUES ('bd0ce454-6f49-f111-b9f4-207918438263', 'COURSE_REG', 'Đăng ký môn', 'REGISTRATIO', 'Quyền đăng ký học phần', '2026-05-07 00:16:35', '2026-05-16 17:27:19', NULL, NULL, NULL, NULL, true)
INSERT INTO role_permissions (id, role_id, permission_id, created_at, updated_at, created_by, updated_by, deleted_at, deleted_by, is_active) VALUES ('dd000001-0000-0000-0000-000000000001', '3df54247-bb06-456e-89c0-b059902399bc', 'cc000001-0000-0000-0000-000000000001', '2026-05-08 08:00:00', NULL, NULL, NULL, NULL, NULL, true)
INSERT INTO role_permissions (id, role_id, permission_id, created_at, updated_at, created_by, updated_by, deleted_at, deleted_by, is_active) VALUES ('dd000002-0000-0000-0000-000000000002', '3df54247-bb06-456e-89c0-b059902399bc', 'cc000002-0000-0000-0000-000000000002', '2026-05-08 08:00:00', NULL, NULL, NULL, NULL, NULL, true)
INSERT INTO role_permissions (id, role_id, permission_id, created_at, updated_at, created_by, updated_by, deleted_at, deleted_by, is_active) VALUES ('dd000003-0000-0000-0000-000000000003', '3df54247-bb06-456e-89c0-b059902399bc', 'cc000003-0000-0000-0000-000000000003', '2026-05-08 08:00:00', NULL, NULL, NULL, NULL, NULL, true)
INSERT INTO role_permissions (id, role_id, permission_id, created_at, updated_at, created_by, updated_by, deleted_at, deleted_by, is_active) VALUES ('dd000004-0000-0000-0000-000000000004', 'c01b6db6-48fc-46f9-b7e4-657f258f34bf', 'cc000004-0000-0000-0000-000000000004', '2026-05-08 08:00:00', NULL, NULL, NULL, NULL, NULL, true)
INSERT INTO role_permissions (id, role_id, permission_id, created_at, updated_at, created_by, updated_by, deleted_at, deleted_by, is_active) VALUES ('dd000005-0000-0000-0000-000000000005', 'c01b6db6-48fc-46f9-b7e4-657f258f34bf', 'cc000006-0000-0000-0000-000000000006', '2026-05-08 08:00:00', NULL, NULL, NULL, NULL, NULL, true)
INSERT INTO role_permissions (id, role_id, permission_id, created_at, updated_at, created_by, updated_by, deleted_at, deleted_by, is_active) VALUES ('dd000006-0000-0000-0000-000000000006', '045fa55a-e997-434a-8d21-e8384f691e4a', 'cc000004-0000-0000-0000-000000000004', '2026-05-08 08:00:00', NULL, NULL, NULL, NULL, NULL, true)
INSERT INTO role_permissions (id, role_id, permission_id, created_at, updated_at, created_by, updated_by, deleted_at, deleted_by, is_active) VALUES ('dd000007-0000-0000-0000-000000000007', '045fa55a-e997-434a-8d21-e8384f691e4a', 'cc000005-0000-0000-0000-000000000005', '2026-05-08 08:00:00', NULL, NULL, NULL, NULL, NULL, true)
INSERT INTO role_permissions (id, role_id, permission_id, created_at, updated_at, created_by, updated_by, deleted_at, deleted_by, is_active) VALUES ('dd000008-0000-0000-0000-000000000008', 'bb000001-0000-0000-0000-000000000001', 'cc000004-0000-0000-0000-000000000004', '2026-05-08 08:00:00', NULL, NULL, NULL, NULL, NULL, true)
INSERT INTO role_permissions (id, role_id, permission_id, created_at, updated_at, created_by, updated_by, deleted_at, deleted_by, is_active) VALUES ('dd000009-0000-0000-0000-000000000009', 'bb000001-0000-0000-0000-000000000001', 'cc000005-0000-0000-0000-000000000005', '2026-05-08 08:00:00', NULL, NULL, NULL, NULL, NULL, true)
INSERT INTO role_permissions (id, role_id, permission_id, created_at, updated_at, created_by, updated_by, deleted_at, deleted_by, is_active) VALUES ('dd000010-0000-0000-0000-000000000010', 'bb000006-0000-0000-0000-000000000006', 'cc000006-0000-0000-0000-000000000006', '2026-05-08 08:00:00', NULL, NULL, NULL, NULL, NULL, true)
INSERT INTO role_permissions (id, role_id, permission_id, created_at, updated_at, created_by, updated_by, deleted_at, deleted_by, is_active) VALUES ('dd71099b-3f5c-436e-953c-4d31641035a7', '99c810f1-5c6a-451b-a4dc-16166f7d8da0', 'bd0ce454-6f49-f111-b9f4-207918438263', '2026-05-07 00:19:25', NULL, NULL, NULL, NULL, NULL, true)
INSERT INTO role_permissions (id, role_id, permission_id, created_at, updated_at, created_by, updated_by, deleted_at, deleted_by, is_active) VALUES ('7b6306da-3e18-43ba-b195-85e83b4d8aad', '3df54247-bb06-456e-89c0-b059902399bc', 'bb0ce454-6f49-f111-b9f4-207918438263', '2026-05-07 00:19:46', '2026-05-07 00:20:11', NULL, NULL, NULL, NULL, true)
INSERT INTO role_permissions (id, role_id, permission_id, created_at, updated_at, created_by, updated_by, deleted_at, deleted_by, is_active) VALUES ('6dbd17fe-4605-4442-b87f-cad4322281b1', 'bb000003-0000-0000-0000-000000000003', 'cc000003-0000-0000-0000-000000000003', '2026-05-16 17:03:27', NULL, NULL, NULL, '2026-05-16 17:03:33', NULL, false)
INSERT INTO role_permissions (id, role_id, permission_id, created_at, updated_at, created_by, updated_by, deleted_at, deleted_by, is_active) VALUES ('452f0655-5159-4db7-b0c5-cd330693d4a1', 'c01b6db6-48fc-46f9-b7e4-657f258f34bf', 'bc0ce454-6f49-f111-b9f4-207918438263', '2026-05-07 00:19:37', '2026-05-07 00:20:16', NULL, NULL, NULL, NULL, true)
INSERT INTO role_permissions (id, role_id, permission_id, created_at, updated_at, created_by, updated_by, deleted_at, deleted_by, is_active) VALUES ('b9172096-7f9f-4153-8e11-ce8dcb111cda', '045fa55a-e997-434a-8d21-e8384f691e4a', 'ba0ce454-6f49-f111-b9f4-207918438263', '2026-05-07 00:19:54', NULL, NULL, NULL, NULL, NULL, true)
INSERT INTO users (id, username, password_hash, full_name, email, phone, avatar_url, last_login_at, created_at, updated_at, created_by, updated_by, deleted_at, deleted_by, is_active) VALUES ('aa000001-0000-0000-0000-000000000001', 'sv2026002', '$2a$12$obyHHLqZ1.98KEZjg8ZSZ.Q/W710jX8.dm7UxWL4BmhZhDVdI85li', 'Nguyễn Thị Lan Anh', 'lananh@uda.edu.vn', '0901234567', 'https://www.vnida.vn/wp-content/uploads/2023/06/Lan-Anh-01.png', NULL, '2026-05-08 08:00:00', '2026-05-16 16:13:05', NULL, NULL, NULL, NULL, true)
INSERT INTO users (id, username, password_hash, full_name, email, phone, avatar_url, last_login_at, created_at, updated_at, created_by, updated_by, deleted_at, deleted_by, is_active) VALUES ('aa000002-0000-0000-0000-000000000002', 'sv2026003', '$2a$12$obyHHLqZ1.98KEZjg8ZSZ.Q/W710jX8.dm7UxWL4BmhZhDVdI85li', 'Trần Minh Khoa', 'minhkhoa@uda.edu.vn', '0912345678', 'https://cdn.tcdulichtphcm.vn/upload/3-2024/images/2024-08-26/1724644971-thum-ong-khoa.jpg', NULL, '2026-05-08 08:00:00', '2026-05-16 16:15:38', NULL, NULL, NULL, NULL, true)
INSERT INTO users (id, username, password_hash, full_name, email, phone, avatar_url, last_login_at, created_at, updated_at, created_by, updated_by, deleted_at, deleted_by, is_active) VALUES ('aa000003-0000-0000-0000-000000000003', 'sv2026004', '$2a$12$obyHHLqZ1.98KEZjg8ZSZ.Q/W710jX8.dm7UxWL4BmhZhDVdI85li', 'Phạm Thị Hương', 'huongpt@uda.edu.vn', '0923456789', 'https://static.tuoitre.vn/tto/i/s626/2015/10/04/hoa-hau-hoang-vu-2-1443949179.jpg', NULL, '2026-05-08 08:00:00', '2026-05-16 16:14:00', NULL, NULL, NULL, NULL, true)
INSERT INTO users (id, username, password_hash, full_name, email, phone, avatar_url, last_login_at, created_at, updated_at, created_by, updated_by, deleted_at, deleted_by, is_active) VALUES ('aa000004-0000-0000-0000-000000000004', 'sv2026005', '$2a$12$obyHHLqZ1.98KEZjg8ZSZ.Q/W710jX8.dm7UxWL4BmhZhDVdI85li', 'Lê Quốc Bảo', 'baolq@uda.edu.vn', '0934567890', 'https://www.benhvienchamcuu.com/public_folder/image/2021/06/28/1624888967_09217_ths-bao-pkyc-anh-vuongjpg.jpg', NULL, '2026-05-08 08:00:00', '2026-05-16 17:09:16', NULL, NULL, NULL, NULL, true)
INSERT INTO users (id, username, password_hash, full_name, email, phone, avatar_url, last_login_at, created_at, updated_at, created_by, updated_by, deleted_at, deleted_by, is_active) VALUES ('aa000005-0000-0000-0000-000000000005', 'gv_linhnv', '$2a$12$obyHHLqZ1.98KEZjg8ZSZ.Q/W710jX8.dm7UxWL4BmhZhDVdI85li', 'Cô Nguyễn Vân Linh', 'linhnv@uda.edu.vn', '0945678901', 'https://cdn.tcdulichtphcm.vn/upload/2-2021/images/2021-04-02/1617361456-techcom-2-1024x768.jpg', NULL, '2026-05-08 08:00:00', '2026-05-16 17:25:33', NULL, NULL, NULL, NULL, true)
INSERT INTO users (id, username, password_hash, full_name, email, phone, avatar_url, last_login_at, created_at, updated_at, created_by, updated_by, deleted_at, deleted_by, is_active) VALUES ('aa000006-0000-0000-0000-000000000006', 'gv_namdt', '$2a$12$obyHHLqZ1.98KEZjg8ZSZ.Q/W710jX8.dm7UxWL4BmhZhDVdI85li', 'Thầy Đặng Tiến Nam', 'namdt@uda.edu.vn', '0956789012', 'https://t.ex-cdn.com/nhadautu.vn/560w/files/content/2025/08/01/hoangnamtien1-2242.jpg', NULL, '2026-05-08 08:00:00', '2026-05-16 16:14:55', NULL, NULL, NULL, NULL, true)
INSERT INTO users (id, username, password_hash, full_name, email, phone, avatar_url, last_login_at, created_at, updated_at, created_by, updated_by, deleted_at, deleted_by, is_active) VALUES ('aa000007-0000-0000-0000-000000000007', 'giaovu02', '$2a$12$obyHHLqZ1.98KEZjg8ZSZ.Q/W710jX8.dm7UxWL4BmhZhDVdI85li', 'Nguyễn Thị Bích Ngọc', 'ngocntb@uda.edu.vn', '0967890123', 'https://nld.mediacdn.vn/291774122806476800/2021/4/29/ngoc-161966169600029404606.jpeg', NULL, '2026-05-08 08:00:00', '2026-05-16 16:12:39', NULL, NULL, NULL, NULL, true)
INSERT INTO users (id, username, password_hash, full_name, email, phone, avatar_url, last_login_at, created_at, updated_at, created_by, updated_by, deleted_at, deleted_by, is_active) VALUES ('aa000008-0000-0000-0000-000000000008', 'covan_hung', '$2a$12$obyHHLqZ1.98KEZjg8ZSZ.Q/W710jX8.dm7UxWL4BmhZhDVdI85li', 'Thầy Hoàng Văn Hùng', 'hunghv@uda.edu.vn', '0978901234', 'https://encrypted-tbn0.gstatic.com/images?q=tbn:ANd9GcTFveiOA7F2rRV_WmtjoboqTuY4j7J3DXcqbQ&s', NULL, '2026-05-08 08:00:00', '2026-05-16 16:15:15', NULL, NULL, NULL, NULL, true)
INSERT INTO users (id, username, password_hash, full_name, email, phone, avatar_url, last_login_at, created_at, updated_at, created_by, updated_by, deleted_at, deleted_by, is_active) VALUES ('aa000009-0000-0000-0000-000000000009', 'troly_mai', '$2a$12$obyHHLqZ1.98KEZjg8ZSZ.Q/W710jX8.dm7UxWL4BmhZhDVdI85li', 'Cô Phan Thị Mai', 'maipth@uda.edu.vn', '0989012345', 'https://fme.hcmut.edu.vn/wp-content/uploads/2025/10/a-person-smiling-for-a-picture-ai-generated-conte.jpeg', NULL, '2026-05-08 08:00:00', '2026-05-16 17:09:17', NULL, NULL, NULL, NULL, true)
INSERT INTO users (id, username, password_hash, full_name, email, phone, avatar_url, last_login_at, created_at, updated_at, created_by, updated_by, deleted_at, deleted_by, is_active) VALUES ('aa000010-0000-0000-0000-000000000010', 'sv2025999', '$2a$12$obyHHLqZ1.98KEZjg8ZSZ.Q/W710jX8.dm7UxWL4BmhZhDVdI85li', 'Võ Thị Cũ', 'cu.vo@uda.edu.vn', '0990123456', NULL, NULL, '2025-09-01 08:00:00', '2026-01-15 10:00:00', NULL, NULL, '2026-01-15 10:00:00', NULL, false)
INSERT INTO users (id, username, password_hash, full_name, email, phone, avatar_url, last_login_at, created_at, updated_at, created_by, updated_by, deleted_at, deleted_by, is_active) VALUES ('02f5f803-dcd1-4f23-937a-10524d3a128c', 'admin', '$2a$12$obyHHLqZ1.98KEZjg8ZSZ.Q/W710jX8.dm7UxWL4BmhZhDVdI85li', 'Nguyễn Quản Trị', 'admin@uda.edu.vn', '', 'https://upload.wikimedia.org/wikipedia/commons/9/92/Jerome_H._Powell%2C_Federal_Reserve_Chair.jpg', NULL, '2026-05-07 00:16:35', '2026-05-14 07:43:35', NULL, NULL, NULL, NULL, true)
INSERT INTO users (id, username, password_hash, full_name, email, phone, avatar_url, last_login_at, created_at, updated_at, created_by, updated_by, deleted_at, deleted_by, is_active) VALUES ('da7a33d9-5bfd-4a34-9688-1103c4893052', 'sv2026001', '$2a$12$obyHHLqZ1.98KEZjg8ZSZ.Q/W710jX8.dm7UxWL4BmhZhDVdI85li', 'Lê Văn Sinh Viên', 'sv2026@uda.edu.vn', '', 'https://media-cdn-v2.laodong.vn/Storage/NewsPortal/2023/1/3/1134011/Nhan-Vat.jpeg', NULL, '2026-05-07 00:16:35', '2026-05-16 17:09:14', NULL, NULL, NULL, NULL, true)
INSERT INTO users (id, username, password_hash, full_name, email, phone, avatar_url, last_login_at, created_at, updated_at, created_by, updated_by, deleted_at, deleted_by, is_active) VALUES ('c8374b72-66dc-4f70-a746-72d54166382f', 'a', 'a', 'aa', 'a', 'a', NULL, NULL, '2026-05-07 00:18:37', '2026-05-07 00:19:02', NULL, NULL, '2026-05-07 00:19:02', NULL, false)
INSERT INTO users (id, username, password_hash, full_name, email, phone, avatar_url, last_login_at, created_at, updated_at, created_by, updated_by, deleted_at, deleted_by, is_active) VALUES ('a37054b0-86cf-4536-b42e-bc234766fb43', 'gv_hoatv', '$2a$12$obyHHLqZ1.98KEZjg8ZSZ.Q/W710jX8.dm7UxWL4BmhZhDVdI85li', 'Thầy Trương Văn Hòa', 'hoatv@uda.edu.vn', '', 'https://vcdn1-vnexpress.vnecdn.net/2022/01/27/thuy-tien-1692-1627530408-3228-1643256415.jpg?w=680&h=0&q=100&dpr=2&fit=crop&s=LepKM-Hw2dpAKYkwD_9v0Q', NULL, '2026-05-07 00:16:35', '2026-05-14 07:45:05', NULL, NULL, NULL, NULL, true)
INSERT INTO users (id, username, password_hash, full_name, email, phone, avatar_url, last_login_at, created_at, updated_at, created_by, updated_by, deleted_at, deleted_by, is_active) VALUES ('c3d3eabd-c4a4-409e-933a-c308545685b6', 'giaovu01', '$2a$12$obyHHLqZ1.98KEZjg8ZSZ.Q/W710jX8.dm7UxWL4BmhZhDVdI85li', 'Trần Thị Giáo Vụ', 'giaovu@uda.edu.vn', '', 'https://image.plo.vn/Uploaded/2026/wpdhnwzdh/2025_04_23/nu-luat-su-truong-thi-hoa-7649-967.jpg', NULL, '2026-05-07 00:16:35', '2026-05-14 07:44:27', NULL, NULL, NULL, NULL, true)
INSERT INTO users (id, username, password_hash, full_name, email, phone, avatar_url, last_login_at, created_at, updated_at, created_by, updated_by, deleted_at, deleted_by, is_active) VALUES ('dff34ef1-bc65-4124-bb16-cc46118406b5', 'tvv123', 'zxcvbnm', 'Tran Van Vinh', 'vinh@gmail.com', '0977856443', 'https://tcvn.gov.vn/wp-content/uploads/2017/12/vinh.jpg', NULL, '2026-05-14 08:03:45', '2026-05-16 16:16:06', NULL, NULL, NULL, NULL, true)
INSERT INTO user_roles (id, user_id, role_id, created_at, updated_at, created_by, updated_by, deleted_at, deleted_by, is_active) VALUES ('ee000001-0000-0000-0000-000000000001', 'aa000001-0000-0000-0000-000000000001', '99c810f1-5c6a-451b-a4dc-16166f7d8da0', '2026-05-08 08:00:00', NULL, NULL, NULL, NULL, NULL, true)
INSERT INTO user_roles (id, user_id, role_id, created_at, updated_at, created_by, updated_by, deleted_at, deleted_by, is_active) VALUES ('ee000002-0000-0000-0000-000000000002', 'aa000002-0000-0000-0000-000000000002', '99c810f1-5c6a-451b-a4dc-16166f7d8da0', '2026-05-08 08:00:00', NULL, NULL, NULL, NULL, NULL, true)
INSERT INTO user_roles (id, user_id, role_id, created_at, updated_at, created_by, updated_by, deleted_at, deleted_by, is_active) VALUES ('ee000003-0000-0000-0000-000000000003', 'aa000003-0000-0000-0000-000000000003', '99c810f1-5c6a-451b-a4dc-16166f7d8da0', '2026-05-08 08:00:00', NULL, NULL, NULL, NULL, NULL, true)
INSERT INTO user_roles (id, user_id, role_id, created_at, updated_at, created_by, updated_by, deleted_at, deleted_by, is_active) VALUES ('ee000004-0000-0000-0000-000000000004', 'aa000004-0000-0000-0000-000000000004', '99c810f1-5c6a-451b-a4dc-16166f7d8da0', '2026-05-08 08:00:00', NULL, NULL, NULL, NULL, NULL, true)
INSERT INTO user_roles (id, user_id, role_id, created_at, updated_at, created_by, updated_by, deleted_at, deleted_by, is_active) VALUES ('ee000005-0000-0000-0000-000000000005', 'aa000005-0000-0000-0000-000000000005', '045fa55a-e997-434a-8d21-e8384f691e4a', '2026-05-08 08:00:00', NULL, NULL, NULL, NULL, NULL, true)
INSERT INTO user_roles (id, user_id, role_id, created_at, updated_at, created_by, updated_by, deleted_at, deleted_by, is_active) VALUES ('ee000006-0000-0000-0000-000000000006', 'aa000006-0000-0000-0000-000000000006', '045fa55a-e997-434a-8d21-e8384f691e4a', '2026-05-08 08:00:00', NULL, NULL, NULL, NULL, NULL, true)
INSERT INTO user_roles (id, user_id, role_id, created_at, updated_at, created_by, updated_by, deleted_at, deleted_by, is_active) VALUES ('ee000007-0000-0000-0000-000000000007', 'aa000007-0000-0000-0000-000000000007', 'c01b6db6-48fc-46f9-b7e4-657f258f34bf', '2026-05-08 08:00:00', NULL, NULL, NULL, NULL, NULL, true)
INSERT INTO user_roles (id, user_id, role_id, created_at, updated_at, created_by, updated_by, deleted_at, deleted_by, is_active) VALUES ('ee000008-0000-0000-0000-000000000008', 'aa000008-0000-0000-0000-000000000008', 'bb000001-0000-0000-0000-000000000001', '2026-05-08 08:00:00', NULL, NULL, NULL, NULL, NULL, true)
INSERT INTO user_roles (id, user_id, role_id, created_at, updated_at, created_by, updated_by, deleted_at, deleted_by, is_active) VALUES ('ee000009-0000-0000-0000-000000000009', 'aa000009-0000-0000-0000-000000000009', 'bb000002-0000-0000-0000-000000000002', '2026-05-08 08:00:00', NULL, NULL, NULL, NULL, NULL, true)
INSERT INTO user_roles (id, user_id, role_id, created_at, updated_at, created_by, updated_by, deleted_at, deleted_by, is_active) VALUES ('ee000010-0000-0000-0000-000000000010', 'aa000010-0000-0000-0000-000000000010', '99c810f1-5c6a-451b-a4dc-16166f7d8da0', '2025-09-01 08:00:00', '2026-01-15 10:00:00', NULL, NULL, '2026-01-15 10:00:00', NULL, false)
INSERT INTO user_roles (id, user_id, role_id, created_at, updated_at, created_by, updated_by, deleted_at, deleted_by, is_active) VALUES ('b60ce454-6f49-f111-b9f4-207918438263', '02f5f803-dcd1-4f23-937a-10524d3a128c', '3df54247-bb06-456e-89c0-b059902399bc', '2026-05-07 00:16:35', '2026-05-14 07:59:07', NULL, NULL, NULL, NULL, true)
INSERT INTO user_roles (id, user_id, role_id, created_at, updated_at, created_by, updated_by, deleted_at, deleted_by, is_active) VALUES ('b70ce454-6f49-f111-b9f4-207918438263', 'c3d3eabd-c4a4-409e-933a-c308545685b6', 'c01b6db6-48fc-46f9-b7e4-657f258f34bf', '2026-05-07 00:16:35', NULL, NULL, NULL, NULL, NULL, true)
INSERT INTO user_roles (id, user_id, role_id, created_at, updated_at, created_by, updated_by, deleted_at, deleted_by, is_active) VALUES ('b80ce454-6f49-f111-b9f4-207918438263', 'a37054b0-86cf-4536-b42e-bc234766fb43', '045fa55a-e997-434a-8d21-e8384f691e4a', '2026-05-07 00:16:35', NULL, NULL, NULL, NULL, NULL, true)
INSERT INTO user_roles (id, user_id, role_id, created_at, updated_at, created_by, updated_by, deleted_at, deleted_by, is_active) VALUES ('b90ce454-6f49-f111-b9f4-207918438263', 'da7a33d9-5bfd-4a34-9688-1103c4893052', '99c810f1-5c6a-451b-a4dc-16166f7d8da0', '2026-05-07 00:16:35', NULL, NULL, NULL, NULL, NULL, true)
